id;name;mobile_number;address;email;location;created_date;created_by;purpose_of_visit
1;mobile Fish;Home Loan Account Table Computer;Trace;Lazaro_Conroy2@yahoo.com;Producer;2019-06-22T13:18:37;red Chips Soap;Home Loan Account
2;web-readiness;Namibia;Steel zero administration;Darlene78@yahoo.com;grey Cambridgeshire;2019-06-22T19:04:15;Refined Rubber Chicken Table;Automotive
3;Planner cross-platform access;Public-key;infomediaries;Leone.Kunde17@gmail.com;incentivize Tuna copy;2019-06-22T23:05:06;sky blue Georgia;Facilitator
4;Views e-enable Communications;National Awesome sky blue;Tactics;Gilberto53@hotmail.com;Louisiana Specialist Home Loan Account;2019-06-23T02:39:53;scalable;Small
5;deliverables reinvent 24 hour;overriding;monitor 1080p Checking Account;Florida91@hotmail.com;generating Highway Ergonomic;2019-06-23T00:23:21;Lempira;pixel withdrawal
6;Mississippi embrace Developer;synthesize Idaho compress;Sleek Metal Table Small;Bernadette89@yahoo.com;Harbor Montana;2019-06-22T16:35:47;Concrete Investment Account Saint Lucia;User-centric
7;Money Market Account;Salad Web virtual;Refined Squares;Ciara_Johns53@gmail.com;back-end;2019-06-22T11:46:58;support Gorgeous;withdrawal
8;copying;ability Hat Iraq;magenta Concrete;Deion32@yahoo.com;Mauritania;2019-06-22T16:24:59;robust Engineer;Exclusive Moroccan Dirham card
9;zero tolerance;mission-critical;Berkshire Small Plastic Pants Investor;Marilyne.Considine@gmail.com;Designer Persistent;2019-06-22T17:09:27;navigate;Re-contextualized
10;web-enabled invoice withdrawal;bypassing optical;installation;Maurice_Bauch32@gmail.com;red firewall open-source;2019-06-23T00:55:15;Rustic Quality;synthesize Creative
